{"cameraMode":{"drawMode":0,"name":"Shaded","section":"Shading Mode"},"sceneLighting":true,"audioPlay":false,"sceneViewState":{"showFog":true,"showMaterialUpdate":false,"showSkybox":true,"showFlares":true,"showImageEffects":true,"showParticleSystems":true},"in2DMode":false,"pivot":{"x":0.11131138354539871,"y":2.4238953590393068,"z":-0.3783414959907532},"rotation":{"x":0.04765854775905609,"y":0.9162704348564148,"z":-0.11466705054044724,"w":0.38082626461982729},"size":4.24523401260376,"orthographic":false}