{"cameraMode":{"drawMode":0,"name":"Shaded","section":"Shading Mode"},"sceneLighting":true,"audioPlay":false,"sceneViewState":{"showFog":true,"showMaterialUpdate":false,"showSkybox":true,"showFlares":true,"showImageEffects":true,"showParticleSystems":true},"in2DMode":false,"pivot":{"x":-0.6237528920173645,"y":-5.542765140533447,"z":-4.063354015350342},"rotation":{"x":-0.0027676185127347709,"y":0.9624267816543579,"z":-0.27134960889816286,"w":-0.009816352277994156},"size":71.72235870361328,"orthographic":false}