{"cameraMode":{"drawMode":0,"name":"Shaded","section":"Shading Mode"},"sceneLighting":false,"audioPlay":false,"sceneViewState":{"showFog":true,"showMaterialUpdate":false,"showSkybox":false,"showFlares":true,"showImageEffects":true,"showParticleSystems":true},"in2DMode":false,"pivot":{"x":0.07047761976718903,"y":1.6320955753326417,"z":0.06528998911380768},"rotation":{"x":0.055755432695150378,"y":0.9324241280555725,"z":-0.16389763355255128,"w":0.317197322845459},"size":3.739633798599243,"orthographic":false}